{
"meta":{"test_sets":[],"test_metrics":[],"learn_metrics":[{"best_value":"Min","name":"Logloss"}],"launch_mode":"Train","parameters":"","iteration_count":800,"learn_sets":["learn"],"name":"experiment"},
"iterations":[
{"learn":[0.6360402619],"iteration":0,"passed_time":0.01123838509,"remaining_time":8.97946969},
{"learn":[0.5878937218],"iteration":1,"passed_time":0.0217617135,"remaining_time":8.682923687},
{"learn":[0.5468319179],"iteration":2,"passed_time":0.03288938804,"remaining_time":8.737614089},
{"learn":[0.5093688286],"iteration":3,"passed_time":0.04389047091,"remaining_time":8.734203711},
{"learn":[0.4694390871],"iteration":4,"passed_time":0.05478731149,"remaining_time":8.711182527},
{"learn":[0.4350773739],"iteration":5,"passed_time":0.0651306282,"remaining_time":8.618953132},
{"learn":[0.4083490921],"iteration":6,"passed_time":0.07524529213,"remaining_time":8.524216665},
{"learn":[0.384270636],"iteration":7,"passed_time":0.08585155438,"remaining_time":8.499303883},
{"learn":[0.3610987624],"iteration":8,"passed_time":0.09572978134,"remaining_time":8.413584115},
{"learn":[0.3404923553],"iteration":9,"passed_time":0.1056727185,"remaining_time":8.34814476},
{"learn":[0.3214119929],"iteration":10,"passed_time":0.1151387842,"remaining_time":8.258590973},
{"learn":[0.3021187495],"iteration":11,"passed_time":0.1255166597,"remaining_time":8.242260656},
{"learn":[0.284321729],"iteration":12,"passed_time":0.1353128098,"remaining_time":8.191629332},
{"learn":[0.2706098185],"iteration":13,"passed_time":0.144708352,"remaining_time":8.124340333},
{"learn":[0.2573750931],"iteration":14,"passed_time":0.1540267073,"remaining_time":8.060731013},
{"learn":[0.2465337937],"iteration":15,"passed_time":0.1633923207,"remaining_time":8.006223716},
{"learn":[0.2358403945],"iteration":16,"passed_time":0.1730983565,"remaining_time":7.972706656},
{"learn":[0.2267337195],"iteration":17,"passed_time":0.1819683066,"remaining_time":7.905511988},
{"learn":[0.215672034],"iteration":18,"passed_time":0.1917155215,"remaining_time":7.880516962},
{"learn":[0.2086309988],"iteration":19,"passed_time":0.2013818658,"remaining_time":7.853892766},
{"learn":[0.2015527441],"iteration":20,"passed_time":0.2108965528,"remaining_time":7.823257839},
{"learn":[0.1939834029],"iteration":21,"passed_time":0.2203786999,"remaining_time":7.793392205},
{"learn":[0.1883628599],"iteration":22,"passed_time":0.2303793765,"remaining_time":7.782816327},
{"learn":[0.1832910769],"iteration":23,"passed_time":0.2406449543,"remaining_time":7.780853523},
{"learn":[0.1791760056],"iteration":24,"passed_time":0.250518841,"remaining_time":7.76608407},
{"learn":[0.1754681729],"iteration":25,"passed_time":0.260249516,"remaining_time":7.747427901},
{"learn":[0.1695800183],"iteration":26,"passed_time":0.2702730857,"remaining_time":7.737818342},
{"learn":[0.1654504106],"iteration":27,"passed_time":0.2803014188,"remaining_time":7.728310548},
{"learn":[0.1618366782],"iteration":28,"passed_time":0.2899289292,"remaining_time":7.708110496},
{"learn":[0.1581586134],"iteration":29,"passed_time":0.2996385178,"remaining_time":7.690721958},
{"learn":[0.1553098176],"iteration":30,"passed_time":0.3096458633,"remaining_time":7.681215125},
{"learn":[0.1508406522],"iteration":31,"passed_time":0.3200022422,"remaining_time":7.680053812},
{"learn":[0.1485009266],"iteration":32,"passed_time":0.3294463081,"remaining_time":7.657130858},
{"learn":[0.1463031272],"iteration":33,"passed_time":0.3394681083,"remaining_time":7.648016793},
{"learn":[0.1433583781],"iteration":34,"passed_time":0.3495444379,"remaining_time":7.640042713},
{"learn":[0.1407342638],"iteration":35,"passed_time":0.3597189918,"remaining_time":7.634036382},
{"learn":[0.1384596728],"iteration":36,"passed_time":0.369624962,"remaining_time":7.622266109},
{"learn":[0.1370441891],"iteration":37,"passed_time":0.3790493078,"remaining_time":7.60093612},
{"learn":[0.1351535009],"iteration":38,"passed_time":0.3897201624,"remaining_time":7.604539579},
{"learn":[0.1333592492],"iteration":39,"passed_time":0.4001770355,"remaining_time":7.603363674},
{"learn":[0.1316434355],"iteration":40,"passed_time":0.4101297019,"remaining_time":7.592401067},
{"learn":[0.1300116261],"iteration":41,"passed_time":0.4203138702,"remaining_time":7.585664609},
{"learn":[0.1283825558],"iteration":42,"passed_time":0.4301320054,"remaining_time":7.572323909},
{"learn":[0.126569767],"iteration":43,"passed_time":0.4400517236,"remaining_time":7.560888705},
{"learn":[0.1251009432],"iteration":44,"passed_time":0.4499700486,"remaining_time":7.549497482},
{"learn":[0.1241086212],"iteration":45,"passed_time":0.4597600449,"remaining_time":7.536066823},
{"learn":[0.1229492545],"iteration":46,"passed_time":0.469717124,"remaining_time":7.525467966},
{"learn":[0.1221483997],"iteration":47,"passed_time":0.4797735701,"remaining_time":7.516452598},
{"learn":[0.1207913107],"iteration":48,"passed_time":0.4899084142,"remaining_time":7.508596308},
{"learn":[0.1197933125],"iteration":49,"passed_time":0.5001138363,"remaining_time":7.501707544},
{"learn":[0.1187469997],"iteration":50,"passed_time":0.5106569274,"remaining_time":7.499647816},
{"learn":[0.1180428228],"iteration":51,"passed_time":0.5211247923,"remaining_time":7.496179704},
{"learn":[0.1175537505],"iteration":52,"passed_time":0.5312221773,"remaining_time":7.487225782},
{"learn":[0.1166981415],"iteration":53,"passed_time":0.5412618976,"remaining_time":7.477432882},
{"learn":[0.1156974253],"iteration":54,"passed_time":0.551384904,"remaining_time":7.468759154},
{"learn":[0.1152722599],"iteration":55,"passed_time":0.561865063,"remaining_time":7.464778694},
{"learn":[0.1148267741],"iteration":56,"passed_time":0.5717042059,"remaining_time":7.452214473},
{"learn":[0.1137909513],"iteration":57,"passed_time":0.5821232683,"remaining_time":7.447163191},
{"learn":[0.1132901322],"iteration":58,"passed_time":0.5922116168,"remaining_time":7.437776407},
{"learn":[0.1123357424],"iteration":59,"passed_time":0.6020408413,"remaining_time":7.425170376},
{"learn":[0.1116316931],"iteration":60,"passed_time":0.6117870813,"remaining_time":7.41165005},
{"learn":[0.11064528],"iteration":61,"passed_time":0.6216528089,"remaining_time":7.399673758},
{"learn":[0.1100476246],"iteration":62,"passed_time":0.6308596344,"remaining_time":7.380056358},
{"learn":[0.1096159973],"iteration":63,"passed_time":0.6402913181,"remaining_time":7.363350158},
{"learn":[0.1090647096],"iteration":64,"passed_time":0.6491958994,"remaining_time":7.340907478},
{"learn":[0.1084517085],"iteration":65,"passed_time":0.6585035348,"remaining_time":7.323357493},
{"learn":[0.1078812086],"iteration":66,"passed_time":0.6676376519,"remaining_time":7.304155207},
{"learn":[0.1074701214],"iteration":67,"passed_time":0.6773563756,"remaining_time":7.291542161},
{"learn":[0.1065849171],"iteration":68,"passed_time":0.688071712,"remaining_time":7.289571326},
{"learn":[0.1063926579],"iteration":69,"passed_time":0.6979243014,"remaining_time":7.278353429},
{"learn":[0.1060719704],"iteration":70,"passed_time":0.7075828956,"remaining_time":7.265182125},
{"learn":[0.1054179088],"iteration":71,"passed_time":0.7176750685,"remaining_time":7.256492359},
{"learn":[0.1051365313],"iteration":72,"passed_time":0.72800169,"remaining_time":7.250099023},
{"learn":[0.1045853459],"iteration":73,"passed_time":0.7384545007,"remaining_time":7.244837398},
{"learn":[0.104278715],"iteration":74,"passed_time":0.7480545081,"remaining_time":7.231193579},
{"learn":[0.1040392815],"iteration":75,"passed_time":0.7576492167,"remaining_time":7.217605696},
{"learn":[0.103738048],"iteration":76,"passed_time":0.7673229229,"remaining_time":7.204863289},
{"learn":[0.1033700899],"iteration":77,"passed_time":0.7768230118,"remaining_time":7.190592494},
{"learn":[0.1030521526],"iteration":78,"passed_time":0.7863432263,"remaining_time":7.176626154},
{"learn":[0.1027285177],"iteration":79,"passed_time":0.7954737007,"remaining_time":7.159263306},
{"learn":[0.1024512112],"iteration":80,"passed_time":0.8047622223,"remaining_time":7.14350664},
{"learn":[0.1021596073],"iteration":81,"passed_time":0.8140781165,"remaining_time":7.128147411},
{"learn":[0.1017179845],"iteration":82,"passed_time":0.8237478091,"remaining_time":7.11599011},
{"learn":[0.1014082747],"iteration":83,"passed_time":0.8328864503,"remaining_time":7.099365457},
{"learn":[0.10119979],"iteration":84,"passed_time":0.8423360881,"remaining_time":7.085532976},
{"learn":[0.1008822387],"iteration":85,"passed_time":0.8520341219,"remaining_time":7.073864687},
{"learn":[0.1003513872],"iteration":86,"passed_time":0.861692632,"remaining_time":7.061917777},
{"learn":[0.09995900261],"iteration":87,"passed_time":0.8715120453,"remaining_time":7.05132473},
{"learn":[0.09947380288],"iteration":88,"passed_time":0.8814068578,"remaining_time":7.041351415},
{"learn":[0.09921913371],"iteration":89,"passed_time":0.8909967632,"remaining_time":7.028974465},
{"learn":[0.09893143525],"iteration":90,"passed_time":0.9003224065,"remaining_time":7.014599848},
{"learn":[0.09861167043],"iteration":91,"passed_time":0.9097066102,"remaining_time":7.000785652},
{"learn":[0.09834455763],"iteration":92,"passed_time":0.919118119,"remaining_time":6.987274303},
{"learn":[0.0979793761],"iteration":93,"passed_time":0.9283143589,"remaining_time":6.972233376},
{"learn":[0.09765474948],"iteration":94,"passed_time":0.9379324052,"remaining_time":6.960445744},
{"learn":[0.09746768881],"iteration":95,"passed_time":0.9471078115,"remaining_time":6.945457284},
{"learn":[0.09715838826],"iteration":96,"passed_time":0.9564211864,"remaining_time":6.931588598},
{"learn":[0.09683483274],"iteration":97,"passed_time":0.9656180552,"remaining_time":6.916978313},
{"learn":[0.09663190711],"iteration":98,"passed_time":0.9752417688,"remaining_time":6.905499798},
{"learn":[0.09633284462],"iteration":99,"passed_time":0.9841275783,"remaining_time":6.888893048},
{"learn":[0.09596041004],"iteration":100,"passed_time":0.9942935406,"remaining_time":6.88129886},
{"learn":[0.09568547972],"iteration":101,"passed_time":1.003713733,"remaining_time":6.868550841},
{"learn":[0.09522847864],"iteration":102,"passed_time":1.013984362,"remaining_time":6.861622336},
{"learn":[0.09495358853],"iteration":103,"passed_time":1.024092511,"remaining_time":6.853542192},
{"learn":[0.09466517906],"iteration":104,"passed_time":1.033882752,"remaining_time":6.84331917},
{"learn":[0.09446188671],"iteration":105,"passed_time":1.04366244,"remaining_time":6.833035218},
{"learn":[0.09413831597],"iteration":106,"passed_time":1.053099545,"remaining_time":6.820541912},
{"learn":[0.09395620414],"iteration":107,"passed_time":1.062659122,"remaining_time":6.808889928},
{"learn":[0.09349067581],"iteration":108,"passed_time":1.072124701,"remaining_time":6.796680442},
{"learn":[0.09327347978],"iteration":109,"passed_time":1.082120696,"remaining_time":6.787848002},
{"learn":[0.09313552452],"iteration":110,"passed_time":1.09195553,"remaining_time":6.777994234},
{"learn":[0.09292973031],"iteration":111,"passed_time":1.101348897,"remaining_time":6.765428941},
{"learn":[0.09270739844],"iteration":112,"passed_time":1.111230825,"remaining_time":6.755890061},
{"learn":[0.09243440107],"iteration":113,"passed_time":1.120905987,"remaining_time":6.745100938},
{"learn":[0.09221950345],"iteration":114,"passed_time":1.13068203,"remaining_time":6.734932093},
{"learn":[0.09200511466],"iteration":115,"passed_time":1.140281421,"remaining_time":6.723728381},
{"learn":[0.09185784845],"iteration":116,"passed_time":1.149422447,"remaining_time":6.709876333},
{"learn":[0.09163460112],"iteration":117,"passed_time":1.158690943,"remaining_time":6.696840874},
{"learn":[0.09142258227],"iteration":118,"passed_time":1.167808995,"remaining_time":6.68300778},
{"learn":[0.09122293328],"iteration":119,"passed_time":1.178258465,"remaining_time":6.676797966},
{"learn":[0.0909060307],"iteration":120,"passed_time":1.188289249,"remaining_time":6.668168595},
{"learn":[0.09066092422],"iteration":121,"passed_time":1.19835624,"remaining_time":6.659717467},
{"learn":[0.09050645365],"iteration":122,"passed_time":1.207658833,"remaining_time":6.647032763},
{"learn":[0.09029976683],"iteration":123,"passed_time":1.217999022,"remaining_time":6.640059186},
{"learn":[0.09013182881],"iteration":124,"passed_time":1.227924894,"remaining_time":6.630794429},
{"learn":[0.08982779059],"iteration":125,"passed_time":1.23800787,"remaining_time":6.622359561},
{"learn":[0.08954015988],"iteration":126,"passed_time":1.248110399,"remaining_time":6.61400235},
{"learn":[0.08929229802],"iteration":127,"passed_time":1.258036697,"remaining_time":6.604692658},
{"learn":[0.0890120546],"iteration":128,"passed_time":1.268281942,"remaining_time":6.597032427},
{"learn":[0.08884642958],"iteration":129,"passed_time":1.278303084,"remaining_time":6.588177435},
{"learn":[0.0885751329],"iteration":130,"passed_time":1.288016271,"remaining_time":6.577731949},
{"learn":[0.08820129385],"iteration":131,"passed_time":1.298028022,"remaining_time":6.568808476},
{"learn":[0.08800625994],"iteration":132,"passed_time":1.30795825,"remaining_time":6.559459794},
{"learn":[0.08783855907],"iteration":133,"passed_time":1.318276626,"remaining_time":6.552031591},
{"learn":[0.08765443155],"iteration":134,"passed_time":1.327936582,"remaining_time":6.541317236},
{"learn":[0.08741490382],"iteration":135,"passed_time":1.33775102,"remaining_time":6.531372629},
{"learn":[0.08727692116],"iteration":136,"passed_time":1.347244364,"remaining_time":6.519876009},
{"learn":[0.08716449978],"iteration":137,"passed_time":1.357190206,"remaining_time":6.510579104},
{"learn":[0.08692596903],"iteration":138,"passed_time":1.367346362,"remaining_time":6.502272988},
{"learn":[0.08675457706],"iteration":139,"passed_time":1.376976776,"remaining_time":6.491461943},
{"learn":[0.08659685638],"iteration":140,"passed_time":1.386207284,"remaining_time":6.478798582},
{"learn":[0.08628426013],"iteration":141,"passed_time":1.395729908,"remaining_time":6.46753718},
{"learn":[0.08609162817],"iteration":142,"passed_time":1.4051268,"remaining_time":6.45572243},
{"learn":[0.08596078025],"iteration":143,"passed_time":1.414814338,"remaining_time":6.445265316},
{"learn":[0.08582153104],"iteration":144,"passed_time":1.424728819,"remaining_time":6.435843976},
{"learn":[0.08565453585],"iteration":145,"passed_time":1.434982423,"remaining_time":6.427934964},
{"learn":[0.08533405543],"iteration":146,"passed_time":1.446810494,"remaining_time":6.426988114},
{"learn":[0.08506934313],"iteration":147,"passed_time":1.457823658,"remaining_time":6.422304221},
{"learn":[0.08492427997],"iteration":148,"passed_time":1.468847675,"remaining_time":6.417582793},
{"learn":[0.08477689541],"iteration":149,"passed_time":1.479432891,"remaining_time":6.410875863},
{"learn":[0.08466881713],"iteration":150,"passed_time":1.489900059,"remaining_time":6.403610186},
{"learn":[0.08457032756],"iteration":151,"passed_time":1.500874902,"remaining_time":6.398466688},
{"learn":[0.08434897655],"iteration":152,"passed_time":1.512570319,"remaining_time":6.396294095},
{"learn":[0.08416657612],"iteration":153,"passed_time":1.524218922,"remaining_time":6.393801451},
{"learn":[0.0840419213],"iteration":154,"passed_time":1.535118423,"remaining_time":6.388073439},
{"learn":[0.0838363092],"iteration":155,"passed_time":1.546295676,"remaining_time":6.383425741},
{"learn":[0.08366455333],"iteration":156,"passed_time":1.555859218,"remaining_time":6.372085842},
{"learn":[0.08345171477],"iteration":157,"passed_time":1.565523487,"remaining_time":6.361177715},
{"learn":[0.08330973663],"iteration":158,"passed_time":1.575190104,"remaining_time":6.350294695},
{"learn":[0.08322698376],"iteration":159,"passed_time":1.584323624,"remaining_time":6.337294496},
{"learn":[0.08307411353],"iteration":160,"passed_time":1.594191346,"remaining_time":6.327256335},
{"learn":[0.08290057677],"iteration":161,"passed_time":1.604156126,"remaining_time":6.317602519},
{"learn":[0.08269413177],"iteration":162,"passed_time":1.613870839,"remaining_time":6.306967636},
{"learn":[0.08255317369],"iteration":163,"passed_time":1.623634627,"remaining_time":6.296534285},
{"learn":[0.08242296466],"iteration":164,"passed_time":1.633098358,"remaining_time":6.284954287},
{"learn":[0.08219160194],"iteration":165,"passed_time":1.642960337,"remaining_time":6.274920806},
{"learn":[0.08183828662],"iteration":166,"passed_time":1.654245,"remaining_time":6.270281948},
{"learn":[0.08158902277],"iteration":167,"passed_time":1.664040522,"remaining_time":6.259961965},
{"learn":[0.08145055059],"iteration":168,"passed_time":1.673385635,"remaining_time":6.247966484},
{"learn":[0.08126561908],"iteration":169,"passed_time":1.682577169,"remaining_time":6.235433037},
{"learn":[0.08113728836],"iteration":170,"passed_time":1.692123429,"remaining_time":6.224243491},
{"learn":[0.08088516851],"iteration":171,"passed_time":1.702086155,"remaining_time":6.214593637},
{"learn":[0.0807643213],"iteration":172,"passed_time":1.711007694,"remaining_time":6.201166612},
{"learn":[0.08066156568],"iteration":173,"passed_time":1.719841087,"remaining_time":6.187474255},
{"learn":[0.08045474183],"iteration":174,"passed_time":1.728976392,"remaining_time":6.174915686},
{"learn":[0.0802512138],"iteration":175,"passed_time":1.73832398,"remaining_time":6.163148655},
{"learn":[0.08007808791],"iteration":176,"passed_time":1.747439919,"remaining_time":6.150593613},
{"learn":[0.07994558494],"iteration":177,"passed_time":1.756700423,"remaining_time":6.138582378},
{"learn":[0.07978306067],"iteration":178,"passed_time":1.765751235,"remaining_time":6.125874396},
{"learn":[0.07954776596],"iteration":179,"passed_time":1.77512569,"remaining_time":6.11432182},
{"learn":[0.07943444923],"iteration":180,"passed_time":1.784425034,"remaining_time":6.102536441},
{"learn":[0.07925711096],"iteration":181,"passed_time":1.793959124,"remaining_time":6.091575486},
{"learn":[0.07908867341],"iteration":182,"passed_time":1.803592524,"remaining_time":6.080964957},
{"learn":[0.07899256747],"iteration":183,"passed_time":1.813717108,"remaining_time":6.072009449},
{"learn":[0.07880120546],"iteration":184,"passed_time":1.822964328,"remaining_time":6.060124659},
{"learn":[0.07868992038],"iteration":185,"passed_time":1.832022256,"remaining_time":6.04764336},
{"learn":[0.07855890485],"iteration":186,"passed_time":1.841341871,"remaining_time":6.036056506},
{"learn":[0.07837715432],"iteration":187,"passed_time":1.851083356,"remaining_time":6.025867096},
{"learn":[0.07817588776],"iteration":188,"passed_time":1.860634197,"remaining_time":6.015066109},
{"learn":[0.07797311573],"iteration":189,"passed_time":1.869749438,"remaining_time":6.002879775},
{"learn":[0.07783344635],"iteration":190,"passed_time":1.878856956,"remaining_time":5.990700975},
{"learn":[0.07770754142],"iteration":191,"passed_time":1.88803868,"remaining_time":5.978789154},
{"learn":[0.07749400729],"iteration":192,"passed_time":1.897280054,"remaining_time":5.967093226},
{"learn":[0.07729964659],"iteration":193,"passed_time":1.906604695,"remaining_time":5.955682707},
{"learn":[0.07717494109],"iteration":194,"passed_time":1.915836925,"remaining_time":5.944006869},
{"learn":[0.07702467926],"iteration":195,"passed_time":1.925442435,"remaining_time":5.933506278},
{"learn":[0.07686941271],"iteration":196,"passed_time":1.934926146,"remaining_time":5.922641961},
{"learn":[0.07675550374],"iteration":197,"passed_time":1.944071277,"remaining_time":5.910762166},
{"learn":[0.07656014896],"iteration":198,"passed_time":1.953959362,"remaining_time":5.90115365},
{"learn":[0.07650370508],"iteration":199,"passed_time":1.963020263,"remaining_time":5.88906079},
{"learn":[0.07633846276],"iteration":200,"passed_time":1.972481546,"remaining_time":5.878191274},
{"learn":[0.07619837312],"iteration":201,"passed_time":1.981985623,"remaining_time":5.867462388},
{"learn":[0.07607593995],"iteration":202,"passed_time":1.99123958,"remaining_time":5.856009997},
{"learn":[0.0759111719],"iteration":203,"passed_time":2.000777317,"remaining_time":5.84540824},
{"learn":[0.07580691423],"iteration":204,"passed_time":2.010615619,"remaining_time":5.835689235},
{"learn":[0.07561260985],"iteration":205,"passed_time":2.021078235,"remaining_time":5.827769281},
{"learn":[0.07550285898],"iteration":206,"passed_time":2.031163203,"remaining_time":5.818742895},
{"learn":[0.07531787082],"iteration":207,"passed_time":2.041482889,"remaining_time":5.810374377},
{"learn":[0.07514222869],"iteration":208,"passed_time":2.051022618,"remaining_time":5.799781662},
{"learn":[0.07496875247],"iteration":209,"passed_time":2.060794463,"remaining_time":5.789851109},
{"learn":[0.07481514976],"iteration":210,"passed_time":2.070711636,"remaining_time":5.780327743},
{"learn":[0.07462024645],"iteration":211,"passed_time":2.080281014,"remaining_time":5.769836019},
{"learn":[0.0743615778],"iteration":212,"passed_time":2.089954588,"remaining_time":5.759640109},
{"learn":[0.07415874059],"iteration":213,"passed_time":2.099503441,"remaining_time":5.749107553},
{"learn":[0.07386165525],"iteration":214,"passed_time":2.109545863,"remaining_time":5.739927114},
{"learn":[0.07374194352],"iteration":215,"passed_time":2.118962315,"remaining_time":5.72904626},
{"learn":[0.07356285386],"iteration":216,"passed_time":2.12908438,"remaining_time":5.720074625},
{"learn":[0.07344627237],"iteration":217,"passed_time":2.138560477,"remaining_time":5.70936788},
{"learn":[0.07335332314],"iteration":218,"passed_time":2.148163352,"remaining_time":5.69900871},
{"learn":[0.07329666575],"iteration":219,"passed_time":2.157552645,"remaining_time":5.688093338},
{"learn":[0.07317931791],"iteration":220,"passed_time":2.16726467,"remaining_time":5.678037303},
{"learn":[0.07307129334],"iteration":221,"passed_time":2.176486377,"remaining_time":5.666707774},
{"learn":[0.07300513009],"iteration":222,"passed_time":2.186002148,"remaining_time":5.656158025},
{"learn":[0.07284618407],"iteration":223,"passed_time":2.195546798,"remaining_time":5.645691766},
{"learn":[0.07273417501],"iteration":224,"passed_time":2.205068741,"remaining_time":5.63517567},
{"learn":[0.07267054733],"iteration":225,"passed_time":2.21436617,"remaining_time":5.624098148},
{"learn":[0.07256861827],"iteration":226,"passed_time":2.224235345,"remaining_time":5.614479526},
{"learn":[0.07240649834],"iteration":227,"passed_time":2.233758934,"remaining_time":5.603991711},
{"learn":[0.07212423106],"iteration":228,"passed_time":2.243678488,"remaining_time":5.594499636},
{"learn":[0.07203792729],"iteration":229,"passed_time":2.253132946,"remaining_time":5.583851214},
{"learn":[0.07188886931],"iteration":230,"passed_time":2.262380567,"remaining_time":5.572703648},
{"learn":[0.07173471626],"iteration":231,"passed_time":2.27156062,"remaining_time":5.561407036},
{"learn":[0.07165432845],"iteration":232,"passed_time":2.280500796,"remaining_time":5.549544855},
{"learn":[0.07150246302],"iteration":233,"passed_time":2.290147206,"remaining_time":5.539415891},
{"learn":[0.07137955962],"iteration":234,"passed_time":2.299796761,"remaining_time":5.529298595},
{"learn":[0.07127084035],"iteration":235,"passed_time":2.308952489,"remaining_time":5.518005101},
{"learn":[0.07109026507],"iteration":236,"passed_time":2.318149583,"remaining_time":5.506827912},
{"learn":[0.07092607929],"iteration":237,"passed_time":2.327487474,"remaining_time":5.495999834},
{"learn":[0.07081327697],"iteration":238,"passed_time":2.336920976,"remaining_time":5.485408652},
{"learn":[0.07071845088],"iteration":239,"passed_time":2.34648968,"remaining_time":5.475142587},
{"learn":[0.07056693597],"iteration":240,"passed_time":2.35596685,"remaining_time":5.464669996},
{"learn":[0.07045168024],"iteration":241,"passed_time":2.365109903,"remaining_time":5.453435231},
{"learn":[0.07033829145],"iteration":242,"passed_time":2.37477749,"remaining_time":5.443420008},
{"learn":[0.07028677711],"iteration":243,"passed_time":2.384148811,"remaining_time":5.432732536},
{"learn":[0.0700278557],"iteration":244,"passed_time":2.393593524,"remaining_time":5.422222064},
{"learn":[0.06988261996],"iteration":245,"passed_time":2.402780132,"remaining_time":5.411138997},
{"learn":[0.06978270792],"iteration":246,"passed_time":2.411790487,"remaining_time":5.399676677},
{"learn":[0.06961915721],"iteration":247,"passed_time":2.421308562,"remaining_time":5.38936422},
{"learn":[0.06936329248],"iteration":248,"passed_time":2.431319151,"remaining_time":5.380148001},
{"learn":[0.06924585561],"iteration":249,"passed_time":2.44039741,"remaining_time":5.368874301},
{"learn":[0.06909993489],"iteration":250,"passed_time":2.450273217,"remaining_time":5.359362535},
{"learn":[0.06890897775],"iteration":251,"passed_time":2.459532532,"remaining_time":5.348507251},
{"learn":[0.06871725215],"iteration":252,"passed_time":2.469322506,"remaining_time":5.3388119},
{"learn":[0.06861834474],"iteration":253,"passed_time":2.478441103,"remaining_time":5.327672606},
{"learn":[0.06847730461],"iteration":254,"passed_time":2.488214966,"remaining_time":5.317949634},
{"learn":[0.06835680965],"iteration":255,"passed_time":2.497911343,"remaining_time":5.308061605},
{"learn":[0.06823316935],"iteration":256,"passed_time":2.507170568,"remaining_time":5.297251434},
{"learn":[0.06799794215],"iteration":257,"passed_time":2.517030292,"remaining_time":5.287714799},
{"learn":[0.06786942552],"iteration":258,"passed_time":2.526062906,"remaining_time":5.276448},
{"learn":[0.06771861087],"iteration":259,"passed_time":2.535448441,"remaining_time":5.265931378},
{"learn":[0.06764534773],"iteration":260,"passed_time":2.544208464,"remaining_time":5.254131656},
{"learn":[0.06751256403],"iteration":261,"passed_time":2.553895057,"remaining_time":5.244257789},
{"learn":[0.06725768931],"iteration":262,"passed_time":2.562939979,"remaining_time":5.233075166},
{"learn":[0.06716407121],"iteration":263,"passed_time":2.571946031,"remaining_time":5.221829821},
{"learn":[0.06703152004],"iteration":264,"passed_time":2.58084135,"remaining_time":5.21037782},
{"learn":[0.06690027388],"iteration":265,"passed_time":2.590317049,"remaining_time":5.200110166},
{"learn":[0.06675899968],"iteration":266,"passed_time":2.599389954,"remaining_time":5.189044365},
{"learn":[0.06662464807],"iteration":267,"passed_time":2.609047949,"remaining_time":5.179154885},
{"learn":[0.06650426288],"iteration":268,"passed_time":2.618580247,"remaining_time":5.169019},
{"learn":[0.06642385995],"iteration":269,"passed_time":2.628002931,"remaining_time":5.158672421},
{"learn":[0.06624699958],"iteration":270,"passed_time":2.637385736,"remaining_time":5.148254814},
{"learn":[0.06608950872],"iteration":271,"passed_time":2.647357131,"remaining_time":5.138987372},
{"learn":[0.06596566767],"iteration":272,"passed_time":2.657293787,"remaining_time":5.129647713},
{"learn":[0.06586425775],"iteration":273,"passed_time":2.667498727,"remaining_time":5.120818724},
{"learn":[0.06576817751],"iteration":274,"passed_time":2.677459915,"remaining_time":5.111514382},
{"learn":[0.06564881814],"iteration":275,"passed_time":2.687052977,"remaining_time":5.101506376},
{"learn":[0.06551194887],"iteration":276,"passed_time":2.696791426,"remaining_time":5.091775868},
{"learn":[0.06543816155],"iteration":277,"passed_time":2.706397268,"remaining_time":5.081796309},
{"learn":[0.06525607706],"iteration":278,"passed_time":2.716019147,"remaining_time":5.071849374},
{"learn":[0.06504094257],"iteration":279,"passed_time":2.725657694,"remaining_time":5.061935718},
{"learn":[0.06487857895],"iteration":280,"passed_time":2.735588767,"remaining_time":5.052564306},
{"learn":[0.06462540811],"iteration":281,"passed_time":2.745648991,"remaining_time":5.043426161},
{"learn":[0.06444624041],"iteration":282,"passed_time":2.755016672,"remaining_time":5.033016322},
{"learn":[0.06441469245],"iteration":283,"passed_time":2.763195933,"remaining_time":5.020454582},
{"learn":[0.06421639744],"iteration":284,"passed_time":2.773159902,"remaining_time":5.011148595},
{"learn":[0.06411467578],"iteration":285,"passed_time":2.783158775,"remaining_time":5.001900736},
{"learn":[0.06404763899],"iteration":286,"passed_time":2.793653286,"remaining_time":4.993533574},
{"learn":[0.06393695421],"iteration":287,"passed_time":2.804233179,"remaining_time":4.98530343},
{"learn":[0.0637734081],"iteration":288,"passed_time":2.814860828,"remaining_time":4.977141464},
{"learn":[0.06358441039],"iteration":289,"passed_time":2.825085986,"remaining_time":4.968254664},
{"learn":[0.06342632884],"iteration":290,"passed_time":2.835871506,"remaining_time":4.96033882},
{"learn":[0.06334983346],"iteration":291,"passed_time":2.846139175,"remaining_time":4.951502401},
{"learn":[0.06320883303],"iteration":292,"passed_time":2.856802893,"remaining_time":4.943341525},
{"learn":[0.06310048806],"iteration":293,"passed_time":2.866719202,"remaining_time":4.933877266},
{"learn":[0.06299450567],"iteration":294,"passed_time":2.877348753,"remaining_time":4.925630915},
{"learn":[0.06289650246],"iteration":295,"passed_time":2.887179902,"remaining_time":4.916009023},
{"learn":[0.06274490368],"iteration":296,"passed_time":2.898305399,"remaining_time":4.908577831},
{"learn":[0.06266403236],"iteration":297,"passed_time":2.908221687,"remaining_time":4.899084855},
{"learn":[0.06261122464],"iteration":298,"passed_time":2.918100009,"remaining_time":4.889525433},
{"learn":[0.06244720953],"iteration":299,"passed_time":2.928038293,"remaining_time":4.880063822},
{"learn":[0.06232107053],"iteration":300,"passed_time":2.938339351,"remaining_time":4.871200452},
{"learn":[0.06223756017],"iteration":301,"passed_time":2.948556737,"remaining_time":4.862189586},
{"learn":[0.06212791902],"iteration":302,"passed_time":2.958493928,"remaining_time":4.852711163},
{"learn":[0.06201995239],"iteration":303,"passed_time":2.968683528,"remaining_time":4.843641546},
{"learn":[0.06184931898],"iteration":304,"passed_time":2.979248847,"remaining_time":4.835174359},
{"learn":[0.06168942371],"iteration":305,"passed_time":2.989645384,"remaining_time":4.82642098},
{"learn":[0.06161620681],"iteration":306,"passed_time":3.001288837,"remaining_time":4.819659272},
{"learn":[0.0615276861],"iteration":307,"passed_time":3.011526259,"remaining_time":4.810619868},
{"learn":[0.0614484083],"iteration":308,"passed_time":3.021380913,"remaining_time":4.800964493},
{"learn":[0.06136226907],"iteration":309,"passed_time":3.031236495,"remaining_time":4.791309299},
{"learn":[0.06125565358],"iteration":310,"passed_time":3.041223235,"remaining_time":4.781859041},
{"learn":[0.06114979197],"iteration":311,"passed_time":3.051271938,"remaining_time":4.772502263},
{"learn":[0.06098388522],"iteration":312,"passed_time":3.060911706,"remaining_time":4.762504795},
{"learn":[0.06078938402],"iteration":313,"passed_time":3.071318524,"remaining_time":4.753696823},
{"learn":[0.0607136579],"iteration":314,"passed_time":3.081244192,"remaining_time":4.744137883},
{"learn":[0.06065847489],"iteration":315,"passed_time":3.091326852,"remaining_time":4.734817078},
{"learn":[0.06055113013],"iteration":316,"passed_time":3.102318015,"remaining_time":4.726875714},
{"learn":[0.06042497709],"iteration":317,"passed_time":3.113661277,"remaining_time":4.719448854},
{"learn":[0.06030288106],"iteration":318,"passed_time":3.124233316,"remaining_time":4.710834561},
{"learn":[0.0601711008],"iteration":319,"passed_time":3.134897634,"remaining_time":4.702346451},
{"learn":[0.0600344521],"iteration":320,"passed_time":3.14617076,"remaining_time":4.694753252},
{"learn":[0.0599440747],"iteration":321,"passed_time":3.156946072,"remaining_time":4.686398206},
{"learn":[0.05982357775],"iteration":322,"passed_time":3.167544579,"remaining_time":4.677767072},
{"learn":[0.0596622943],"iteration":323,"passed_time":3.17874263,"remaining_time":4.670004605},
{"learn":[0.05944976627],"iteration":324,"passed_time":3.189499972,"remaining_time":4.661576882},
{"learn":[0.05930446944],"iteration":325,"passed_time":3.200378814,"remaining_time":4.653311528},
{"learn":[0.05913359881],"iteration":326,"passed_time":3.212101259,"remaining_time":4.646250445},
{"learn":[0.0590052121],"iteration":327,"passed_time":3.223021146,"remaining_time":4.63800604},
{"learn":[0.0588668413],"iteration":328,"passed_time":3.233979999,"remaining_time":4.629801153},
{"learn":[0.0586877111],"iteration":329,"passed_time":3.245268593,"remaining_time":4.622049208},
{"learn":[0.05856526735],"iteration":330,"passed_time":3.256237412,"remaining_time":4.613822798},
{"learn":[0.05837505703],"iteration":331,"passed_time":3.266863895,"remaining_time":4.605097297},
{"learn":[0.0583137372],"iteration":332,"passed_time":3.277252135,"remaining_time":4.596026267},
{"learn":[0.05820464615],"iteration":333,"passed_time":3.2875142,"remaining_time":4.586771309},
{"learn":[0.05811184848],"iteration":334,"passed_time":3.297877093,"remaining_time":4.577650293},
{"learn":[0.05801844734],"iteration":335,"passed_time":3.30843444,"remaining_time":4.568790417},
{"learn":[0.05791464964],"iteration":336,"passed_time":3.319396126,"remaining_time":4.560475983},
{"learn":[0.05777247216],"iteration":337,"passed_time":3.329812118,"remaining_time":4.551399996},
{"learn":[0.05766689859],"iteration":338,"passed_time":3.341369079,"remaining_time":4.543867686},
{"learn":[0.05753977585],"iteration":339,"passed_time":3.35246625,"remaining_time":4.535689632},
{"learn":[0.05737960515],"iteration":340,"passed_time":3.36368605,"remaining_time":4.527659522},
{"learn":[0.05729581196],"iteration":341,"passed_time":3.374773336,"remaining_time":4.519433298},
{"learn":[0.05715849872],"iteration":342,"passed_time":3.386486524,"remaining_time":4.512024319},
{"learn":[0.05707715784],"iteration":343,"passed_time":3.397523793,"remaining_time":4.50369433},
{"learn":[0.05690895293],"iteration":344,"passed_time":3.40893659,"remaining_time":4.495843909},
{"learn":[0.0566978548],"iteration":345,"passed_time":3.42027376,"remaining_time":4.487873662},
{"learn":[0.05665291662],"iteration":346,"passed_time":3.431463486,"remaining_time":4.479691525},
{"learn":[0.05653802351],"iteration":347,"passed_time":3.442185915,"remaining_time":4.470885154},
{"learn":[0.05643829954],"iteration":348,"passed_time":3.452572,"remaining_time":4.461633157},
{"learn":[0.05631341068],"iteration":349,"passed_time":3.463442421,"remaining_time":4.452997398},
{"learn":[0.05620421323],"iteration":350,"passed_time":3.47420108,"remaining_time":4.44420594},
{"learn":[0.05611149292],"iteration":351,"passed_time":3.484968337,"remaining_time":4.435414247},
{"learn":[0.05601885884],"iteration":352,"passed_time":3.496006123,"remaining_time":4.42695393},
{"learn":[0.05593465947],"iteration":353,"passed_time":3.506779491,"remaining_time":4.418145913},
{"learn":[0.05584001556],"iteration":354,"passed_time":3.518334664,"remaining_time":4.410306833},
{"learn":[0.05568149541],"iteration":355,"passed_time":3.528927788,"remaining_time":4.401247017},
{"learn":[0.05560202375],"iteration":356,"passed_time":3.539888955,"remaining_time":4.392635315},
{"learn":[0.05549294643],"iteration":357,"passed_time":3.551284766,"remaining_time":4.384547113},
{"learn":[0.05537492301],"iteration":358,"passed_time":3.562457683,"remaining_time":4.37616668},
{"learn":[0.05529735348],"iteration":359,"passed_time":3.573005674,"remaining_time":4.367006934},
{"learn":[0.05518249848],"iteration":360,"passed_time":3.58386812,"remaining_time":4.358221896},
{"learn":[0.05501115319],"iteration":361,"passed_time":3.595284062,"remaining_time":4.350095081},
{"learn":[0.05493389187],"iteration":362,"passed_time":3.60565153,"remaining_time":4.34068793},
{"learn":[0.05486561588],"iteration":363,"passed_time":3.616298194,"remaining_time":4.331609924},
{"learn":[0.05478849622],"iteration":364,"passed_time":3.626977986,"remaining_time":4.322562805},
{"learn":[0.0547076876],"iteration":365,"passed_time":3.637889487,"remaining_time":4.313781522},
{"learn":[0.05459504694],"iteration":366,"passed_time":3.650871952,"remaining_time":4.307432031},
{"learn":[0.0545071113],"iteration":367,"passed_time":3.663718676,"remaining_time":4.300887141},
{"learn":[0.05427389376],"iteration":368,"passed_time":3.676886765,"remaining_time":4.294683458},
{"learn":[0.05419021975],"iteration":369,"passed_time":3.688105961,"remaining_time":4.286177198},
{"learn":[0.05401824331],"iteration":370,"passed_time":3.700154275,"remaining_time":4.278615051},
{"learn":[0.05396533337],"iteration":371,"passed_time":3.711742213,"remaining_time":4.270499105},
{"learn":[0.05385764569],"iteration":372,"passed_time":3.724552934,"remaining_time":4.263764351},
{"learn":[0.05372508994],"iteration":373,"passed_time":3.738520947,"remaining_time":4.258315304},
{"learn":[0.05357892579],"iteration":374,"passed_time":3.749726037,"remaining_time":4.249689509},
{"learn":[0.05336164601],"iteration":375,"passed_time":3.76108463,"remaining_time":4.241223093},
{"learn":[0.05326070706],"iteration":376,"passed_time":3.770853071,"remaining_time":4.23095716},
{"learn":[0.0531734283],"iteration":377,"passed_time":3.780690358,"remaining_time":4.220770717},
{"learn":[0.05310137925],"iteration":378,"passed_time":3.790933788,"remaining_time":4.211037269},
{"learn":[0.05302983632],"iteration":379,"passed_time":3.801379074,"remaining_time":4.201524239},
{"learn":[0.05286831892],"iteration":380,"passed_time":3.812260464,"remaining_time":4.192485917},
{"learn":[0.05277220377],"iteration":381,"passed_time":3.822644487,"remaining_time":4.182893706},
{"learn":[0.0526253106],"iteration":382,"passed_time":3.833125159,"remaining_time":4.173402588},
{"learn":[0.05246791468],"iteration":383,"passed_time":3.843433887,"remaining_time":4.163720045},
{"learn":[0.05230867817],"iteration":384,"passed_time":3.853352826,"remaining_time":4.153614086},
{"learn":[0.05224723844],"iteration":385,"passed_time":3.863978308,"remaining_time":4.14426689},
{"learn":[0.05211476645],"iteration":386,"passed_time":3.87462569,"remaining_time":4.134936459},
{"learn":[0.05198638815],"iteration":387,"passed_time":3.884310506,"remaining_time":4.124577135},
{"learn":[0.05188294257],"iteration":388,"passed_time":3.894082041,"remaining_time":4.114312902},
{"learn":[0.05176456099],"iteration":389,"passed_time":3.904033217,"remaining_time":4.104240049},
{"learn":[0.05170155178],"iteration":390,"passed_time":3.914095489,"remaining_time":4.094284028},
{"learn":[0.05157463167],"iteration":391,"passed_time":3.923664396,"remaining_time":4.083813963},
{"learn":[0.05151627073],"iteration":392,"passed_time":3.933000824,"remaining_time":4.073107723},
{"learn":[0.05147334473],"iteration":393,"passed_time":3.942180052,"remaining_time":4.06224645},
{"learn":[0.05136148502],"iteration":394,"passed_time":3.951618202,"remaining_time":4.051659169},
{"learn":[0.05127950425],"iteration":395,"passed_time":3.961403212,"remaining_time":4.04143156},
{"learn":[0.05109214671],"iteration":396,"passed_time":3.971250619,"remaining_time":4.03126952},
{"learn":[0.05086980583],"iteration":397,"passed_time":3.982150925,"remaining_time":4.022172543},
{"learn":[0.05078366546],"iteration":398,"passed_time":3.992703409,"remaining_time":4.01271696},
{"learn":[0.05069670283],"iteration":399,"passed_time":4.002232738,"remaining_time":4.002232738},
{"learn":[0.05064337265],"iteration":400,"passed_time":4.011671749,"remaining_time":3.991663411},
{"learn":[0.05055628023],"iteration":401,"passed_time":4.021042172,"remaining_time":3.981031802},
{"learn":[0.05041861362],"iteration":402,"passed_time":4.030605162,"remaining_time":3.970596152},
{"learn":[0.05033236432],"iteration":403,"passed_time":4.040088684,"remaining_time":3.960086928},
{"learn":[0.05024687532],"iteration":404,"passed_time":4.049422014,"remaining_time":3.949436286},
{"learn":[0.05017394462],"iteration":405,"passed_time":4.058964651,"remaining_time":3.938995253},
{"learn":[0.05001961399],"iteration":406,"passed_time":4.068982936,"remaining_time":3.929017921},
{"learn":[0.04994234551],"iteration":407,"passed_time":4.078219878,"remaining_time":3.918289686},
{"learn":[0.04986468696],"iteration":408,"passed_time":4.087835719,"remaining_time":3.907930969},
{"learn":[0.04977553792],"iteration":409,"passed_time":4.097490267,"remaining_time":3.897612693},
{"learn":[0.04971274532],"iteration":410,"passed_time":4.106597335,"remaining_time":3.886779473},
{"learn":[0.04957216965],"iteration":411,"passed_time":4.115848638,"remaining_time":3.876090465},
{"learn":[0.04943225544],"iteration":412,"passed_time":4.125695407,"remaining_time":3.865966398},
{"learn":[0.04930203966],"iteration":413,"passed_time":4.135031098,"remaining_time":3.855367159},
{"learn":[0.04918239937],"iteration":414,"passed_time":4.144456328,"remaining_time":3.844857075},
{"learn":[0.04910886488],"iteration":415,"passed_time":4.153486251,"remaining_time":3.833987309},
{"learn":[0.04898574296],"iteration":416,"passed_time":4.16272544,"remaining_time":3.82331857},
{"learn":[0.04890880917],"iteration":417,"passed_time":4.172440731,"remaining_time":3.813091768},
{"learn":[0.04876033285],"iteration":418,"passed_time":4.182025745,"remaining_time":3.802748947},
{"learn":[0.0486458947],"iteration":419,"passed_time":4.192430881,"remaining_time":3.793151749},
{"learn":[0.04855303484],"iteration":420,"passed_time":4.20215292,"remaining_time":3.782935764},
{"learn":[0.04849120292],"iteration":421,"passed_time":4.211789566,"remaining_time":3.77264563},
{"learn":[0.04837859188],"iteration":422,"passed_time":4.221838685,"remaining_time":3.762726204},
{"learn":[0.04825554858],"iteration":423,"passed_time":4.231564379,"remaining_time":3.752519355},
{"learn":[0.04817401455],"iteration":424,"passed_time":4.24065823,"remaining_time":3.741757262},
{"learn":[0.04803428525],"iteration":425,"passed_time":4.251340936,"remaining_time":3.732397911},
{"learn":[0.04796394168],"iteration":426,"passed_time":4.260947103,"remaining_time":3.722091965},
{"learn":[0.04782454694],"iteration":427,"passed_time":4.270419657,"remaining_time":3.71167316},
{"learn":[0.04772926277],"iteration":428,"passed_time":4.280192669,"remaining_time":3.701518602},
{"learn":[0.04765474823],"iteration":429,"passed_time":4.289898787,"remaining_time":3.691308259},
{"learn":[0.04752828414],"iteration":430,"passed_time":4.300189873,"remaining_time":3.681601074},
{"learn":[0.04741912846],"iteration":431,"passed_time":4.309436344,"remaining_time":3.67100133},
{"learn":[0.04725254229],"iteration":432,"passed_time":4.318923336,"remaining_time":3.660611696},
{"learn":[0.04714579531],"iteration":433,"passed_time":4.328794127,"remaining_time":3.650549886},
{"learn":[0.04703117657],"iteration":434,"passed_time":4.338397809,"remaining_time":3.640264828},
{"learn":[0.0469392526],"iteration":435,"passed_time":4.34828788,"remaining_time":3.630221992},
{"learn":[0.04681304368],"iteration":436,"passed_time":4.358023989,"remaining_time":3.620051963},
{"learn":[0.04670063265],"iteration":437,"passed_time":4.367922425,"remaining_time":3.610018078},
{"learn":[0.04663004163],"iteration":438,"passed_time":4.37790278,"remaining_time":3.600052172},
{"learn":[0.04652190583],"iteration":439,"passed_time":4.387373814,"remaining_time":3.589669484},
{"learn":[0.04644581609],"iteration":440,"passed_time":4.397101077,"remaining_time":3.579499517},
{"learn":[0.04638548171],"iteration":441,"passed_time":4.40674701,"remaining_time":3.569265678},
{"learn":[0.04624149171],"iteration":442,"passed_time":4.416491831,"remaining_time":3.559114184},
{"learn":[0.04615899071],"iteration":443,"passed_time":4.42607577,"remaining_time":3.548835527},
{"learn":[0.04603481614],"iteration":444,"passed_time":4.436038488,"remaining_time":3.538862165},
{"learn":[0.04596640891],"iteration":445,"passed_time":4.445664179,"remaining_time":3.528621343},
{"learn":[0.04589915041],"iteration":446,"passed_time":4.455380061,"remaining_time":3.5184545},
{"learn":[0.04581870998],"iteration":447,"passed_time":4.465013856,"remaining_time":3.508225173},
{"learn":[0.04570761927],"iteration":448,"passed_time":4.474883166,"remaining_time":3.498182608},
{"learn":[0.04563672053],"iteration":449,"passed_time":4.484725005,"remaining_time":3.488119448},
{"learn":[0.04552693492],"iteration":450,"passed_time":4.495349691,"remaining_time":3.478663065},
{"learn":[0.04541538888],"iteration":451,"passed_time":4.505141328,"remaining_time":3.468560137},
{"learn":[0.04530454161],"iteration":452,"passed_time":4.515427015,"remaining_time":3.458837029},
{"learn":[0.04515946196],"iteration":453,"passed_time":4.525027006,"remaining_time":3.448588864},
{"learn":[0.04504973247],"iteration":454,"passed_time":4.534916025,"remaining_time":3.4385627},
{"learn":[0.04492499243],"iteration":455,"passed_time":4.54544538,"remaining_time":3.429020199},
{"learn":[0.04479900236],"iteration":456,"passed_time":4.556078538,"remaining_time":3.419551288},
{"learn":[0.04469160625],"iteration":457,"passed_time":4.566473453,"remaining_time":3.40989939},
{"learn":[0.04461280792],"iteration":458,"passed_time":4.5763054,"remaining_time":3.399826016},
{"learn":[0.04452562765],"iteration":459,"passed_time":4.586039925,"remaining_time":3.389681684},
{"learn":[0.04439472992],"iteration":460,"passed_time":4.596460838,"remaining_time":3.38004387},
{"learn":[0.04426645882],"iteration":461,"passed_time":4.60736442,"remaining_time":3.370755788},
{"learn":[0.04415976224],"iteration":462,"passed_time":4.621112995,"remaining_time":3.363531489},
{"learn":[0.04404934851],"iteration":463,"passed_time":4.63524882,"remaining_time":3.35655949},
{"learn":[0.04396238926],"iteration":464,"passed_time":4.652803764,"remaining_time":3.352019916},
{"learn":[0.04387707987],"iteration":465,"passed_time":4.665614731,"remaining_time":3.344024292},
{"learn":[0.04378257762],"iteration":466,"passed_time":4.676211785,"remaining_time":3.334429389},
{"learn":[0.04366038203],"iteration":467,"passed_time":4.688519281,"remaining_time":3.326043593},
{"learn":[0.04356600993],"iteration":468,"passed_time":4.700438737,"remaining_time":3.317367211},
{"learn":[0.04347268782],"iteration":469,"passed_time":4.711008493,"remaining_time":3.307729368},
{"learn":[0.04337110026],"iteration":470,"passed_time":4.721637801,"remaining_time":3.298129165},
{"learn":[0.04328546287],"iteration":471,"passed_time":4.731528758,"remaining_time":3.28801151},
{"learn":[0.04323195405],"iteration":472,"passed_time":4.742104509,"remaining_time":3.278368233},
{"learn":[0.04313449347],"iteration":473,"passed_time":4.75196428,"remaining_time":3.268228598},
{"learn":[0.04306387762],"iteration":474,"passed_time":4.761913778,"remaining_time":3.258151532},
{"learn":[0.04297386792],"iteration":475,"passed_time":4.771985712,"remaining_time":3.248158342},
{"learn":[0.04288637769],"iteration":476,"passed_time":4.781960041,"remaining_time":3.238098728},
{"learn":[0.04279849629],"iteration":477,"passed_time":4.792091039,"remaining_time":3.228145009},
{"learn":[0.04270506464],"iteration":478,"passed_time":4.80356268,"remaining_time":3.219088977},
{"learn":[0.04262956774],"iteration":479,"passed_time":4.813894484,"remaining_time":3.209262989},
{"learn":[0.04257490324],"iteration":480,"passed_time":4.824005123,"remaining_time":3.199288221},
{"learn":[0.04247913542],"iteration":481,"passed_time":4.834051337,"remaining_time":3.189270384},
{"learn":[0.04241551971],"iteration":482,"passed_time":4.843441674,"remaining_time":3.178821968},
{"learn":[0.04231839133],"iteration":483,"passed_time":4.85387784,"remaining_time":3.169060738},
{"learn":[0.04220887906],"iteration":484,"passed_time":4.863970616,"remaining_time":3.159073699},
{"learn":[0.04216959833],"iteration":485,"passed_time":4.8744265,"remaining_time":3.149320825},
{"learn":[0.04208214127],"iteration":486,"passed_time":4.885005536,"remaining_time":3.139644215},
{"learn":[0.04195961651],"iteration":487,"passed_time":4.895859819,"remaining_time":3.130139884},
{"learn":[0.04189682903],"iteration":488,"passed_time":4.905751394,"remaining_time":3.120017758},
{"learn":[0.04178568574],"iteration":489,"passed_time":4.916581343,"remaining_time":3.110490237},
{"learn":[0.04167574335],"iteration":490,"passed_time":4.926471447,"remaining_time":3.100365941},
{"learn":[0.04160538579],"iteration":491,"passed_time":4.936791173,"remaining_time":3.090511547},
{"learn":[0.04148004282],"iteration":492,"passed_time":4.947071713,"remaining_time":3.080630864},
{"learn":[0.04139549607],"iteration":493,"passed_time":4.95749026,"remaining_time":3.070834048},
{"learn":[0.04134042802],"iteration":494,"passed_time":4.96726106,"remaining_time":3.060635603},
{"learn":[0.0412922086],"iteration":495,"passed_time":4.977886067,"remaining_time":3.050962428},
{"learn":[0.04120672655],"iteration":496,"passed_time":4.988135333,"remaining_time":3.04105635},
{"learn":[0.04112970121],"iteration":497,"passed_time":4.999718133,"remaining_time":3.031957583},
{"learn":[0.04107517235],"iteration":498,"passed_time":5.00969751,"remaining_time":3.021881665},
{"learn":[0.04101745393],"iteration":499,"passed_time":5.019525844,"remaining_time":3.011715506},
{"learn":[0.04095467855],"iteration":500,"passed_time":5.029400532,"remaining_time":3.001578361},
{"learn":[0.04085405123],"iteration":501,"passed_time":5.039453743,"remaining_time":2.991548238},
{"learn":[0.04078136871],"iteration":502,"passed_time":5.049367557,"remaining_time":2.981435714},
{"learn":[0.04071534465],"iteration":503,"passed_time":5.059118944,"remaining_time":2.971228586},
{"learn":[0.04066575204],"iteration":504,"passed_time":5.068724112,"remaining_time":2.960937848},
{"learn":[0.04061456421],"iteration":505,"passed_time":5.078734627,"remaining_time":2.950885337},
{"learn":[0.04053342731],"iteration":506,"passed_time":5.088485303,"remaining_time":2.940682828},
{"learn":[0.04043022222],"iteration":507,"passed_time":5.098549958,"remaining_time":2.930662575},
{"learn":[0.04034227371],"iteration":508,"passed_time":5.109316775,"remaining_time":2.921043578},
{"learn":[0.04026463552],"iteration":509,"passed_time":5.120057334,"remaining_time":2.911405151},
{"learn":[0.04022280745],"iteration":510,"passed_time":5.129882479,"remaining_time":2.901244689},
{"learn":[0.04015694479],"iteration":511,"passed_time":5.13934129,"remaining_time":2.890879476},
{"learn":[0.04008587636],"iteration":512,"passed_time":5.148742124,"remaining_time":2.88048536},
{"learn":[0.04001889247],"iteration":513,"passed_time":5.15823221,"remaining_time":2.870144771},
{"learn":[0.03994096098],"iteration":514,"passed_time":5.168100742,"remaining_time":2.860016916},
{"learn":[0.03987350185],"iteration":515,"passed_time":5.178183875,"remaining_time":2.850008179},
{"learn":[0.03978882348],"iteration":516,"passed_time":5.187926107,"remaining_time":2.83981255},
{"learn":[0.03972575264],"iteration":517,"passed_time":5.197541227,"remaining_time":2.829549471},
{"learn":[0.03962996484],"iteration":518,"passed_time":5.207021989,"remaining_time":2.819216144},
{"learn":[0.03958807067],"iteration":519,"passed_time":5.216841405,"remaining_time":2.809068449},
{"learn":[0.03951950111],"iteration":520,"passed_time":5.227260055,"remaining_time":2.799242908},
{"learn":[0.03947627733],"iteration":521,"passed_time":5.237229672,"remaining_time":2.789175956},
{"learn":[0.03943387941],"iteration":522,"passed_time":5.247166191,"remaining_time":2.779091845},
{"learn":[0.03934634871],"iteration":523,"passed_time":5.256757288,"remaining_time":2.768826358},
{"learn":[0.03924858687],"iteration":524,"passed_time":5.267058651,"remaining_time":2.758935484},
{"learn":[0.03919931879],"iteration":525,"passed_time":5.276467895,"remaining_time":2.748578333},
{"learn":[0.03910312039],"iteration":526,"passed_time":5.286456382,"remaining_time":2.738524843},
{"learn":[0.03901404866],"iteration":527,"passed_time":5.296080036,"remaining_time":2.728283655},
{"learn":[0.03892347829],"iteration":528,"passed_time":5.305769119,"remaining_time":2.71807832},
{"learn":[0.03885306787],"iteration":529,"passed_time":5.315134443,"remaining_time":2.707709999},
{"learn":[0.03877678455],"iteration":530,"passed_time":5.324725102,"remaining_time":2.697459609},
{"learn":[0.03866571679],"iteration":531,"passed_time":5.334666995,"remaining_time":2.687388637},
{"learn":[0.03860265808],"iteration":532,"passed_time":5.343864743,"remaining_time":2.676945378},
{"learn":[0.03851532694],"iteration":533,"passed_time":5.353402609,"remaining_time":2.666676206},
{"learn":[0.03846311145],"iteration":534,"passed_time":5.362121345,"remaining_time":2.656004031},
{"learn":[0.03838490287],"iteration":535,"passed_time":5.371306397,"remaining_time":2.645568823},
{"learn":[0.03833750224],"iteration":536,"passed_time":5.380270817,"remaining_time":2.635030214},
{"learn":[0.03825075379],"iteration":537,"passed_time":5.38926618,"remaining_time":2.624512526},
{"learn":[0.03819471147],"iteration":538,"passed_time":5.398234479,"remaining_time":2.613987382},
{"learn":[0.03811063552],"iteration":539,"passed_time":5.407242399,"remaining_time":2.603487081},
{"learn":[0.03803019932],"iteration":540,"passed_time":5.416935076,"remaining_time":2.59332012},
{"learn":[0.03791435245],"iteration":541,"passed_time":5.426619832,"remaining_time":2.583151138},
{"learn":[0.03785331169],"iteration":542,"passed_time":5.435506702,"remaining_time":2.572606303},
{"learn":[0.03778503639],"iteration":543,"passed_time":5.445361836,"remaining_time":2.562523217},
{"learn":[0.03768722306],"iteration":544,"passed_time":5.455446166,"remaining_time":2.552548206},
{"learn":[0.03758151308],"iteration":545,"passed_time":5.465077723,"remaining_time":2.542362164},
{"learn":[0.03749916062],"iteration":546,"passed_time":5.474694413,"remaining_time":2.532171273},
{"learn":[0.03741589004],"iteration":547,"passed_time":5.484279752,"remaining_time":2.521968061},
{"learn":[0.03737124921],"iteration":548,"passed_time":5.493946572,"remaining_time":2.511804353},
{"learn":[0.03724646735],"iteration":549,"passed_time":5.503706278,"remaining_time":2.501684672},
{"learn":[0.03716320067],"iteration":550,"passed_time":5.513271617,"remaining_time":2.491478462},
{"learn":[0.03709555457],"iteration":551,"passed_time":5.523113304,"remaining_time":2.481398731},
{"learn":[0.03702274712],"iteration":552,"passed_time":5.532385627,"remaining_time":2.471065551},
{"learn":[0.03698717148],"iteration":553,"passed_time":5.541864514,"remaining_time":2.460827925},
{"learn":[0.03692729653],"iteration":554,"passed_time":5.551352786,"remaining_time":2.450597176},
{"learn":[0.03684017349],"iteration":555,"passed_time":5.561402377,"remaining_time":2.440615432},
{"learn":[0.03678845048],"iteration":556,"passed_time":5.570914432,"remaining_time":2.430398935},
{"learn":[0.03671886719],"iteration":557,"passed_time":5.581106869,"remaining_time":2.42048004},
{"learn":[0.03662671042],"iteration":558,"passed_time":5.590594946,"remaining_time":2.410256497},
{"learn":[0.03651629009],"iteration":559,"passed_time":5.600770297,"remaining_time":2.400330127},
{"learn":[0.03644084346],"iteration":560,"passed_time":5.610657433,"remaining_time":2.390280083},
{"learn":[0.0363384212],"iteration":561,"passed_time":5.620419042,"remaining_time":2.380177459},
{"learn":[0.03626977578],"iteration":562,"passed_time":5.630080918,"remaining_time":2.370034063},
{"learn":[0.03615921194],"iteration":563,"passed_time":5.640175678,"remaining_time":2.36007351},
{"learn":[0.03609589777],"iteration":564,"passed_time":5.649463935,"remaining_time":2.349777035},
{"learn":[0.03603430273],"iteration":565,"passed_time":5.659077428,"remaining_time":2.339618583},
{"learn":[0.03594463473],"iteration":566,"passed_time":5.668361297,"remaining_time":2.3293266},
{"learn":[0.03582273629],"iteration":567,"passed_time":5.678243811,"remaining_time":2.319282683},
{"learn":[0.03573890877],"iteration":568,"passed_time":5.687633048,"remaining_time":2.309039076},
{"learn":[0.03567097539],"iteration":569,"passed_time":5.696947906,"remaining_time":2.298768453},
{"learn":[0.03558957386],"iteration":570,"passed_time":5.706466194,"remaining_time":2.288582764},
{"learn":[0.03548184992],"iteration":571,"passed_time":5.715939211,"remaining_time":2.278381364},
{"learn":[0.03540563986],"iteration":572,"passed_time":5.725175382,"remaining_time":2.268088677},
{"learn":[0.03535701403],"iteration":573,"passed_time":5.734168554,"remaining_time":2.257703995},
{"learn":[0.03528982921],"iteration":574,"passed_time":5.743467461,"remaining_time":2.247443789},
{"learn":[0.03521340551],"iteration":575,"passed_time":5.752776584,"remaining_time":2.237190894},
{"learn":[0.03514380162],"iteration":576,"passed_time":5.762414512,"remaining_time":2.227068347},
{"learn":[0.03505245882],"iteration":577,"passed_time":5.772027739,"remaining_time":2.21693799},
{"learn":[0.03497993639],"iteration":578,"passed_time":5.781605881,"remaining_time":2.206796027},
{"learn":[0.03492603716],"iteration":579,"passed_time":5.790927277,"remaining_time":2.196558622},
{"learn":[0.03484757428],"iteration":580,"passed_time":5.800695408,"remaining_time":2.186492761},
{"learn":[0.03480782037],"iteration":581,"passed_time":5.809925941,"remaining_time":2.176226555},
{"learn":[0.03474151602],"iteration":582,"passed_time":5.819249031,"remaining_time":2.165998353},
{"learn":[0.03469970707],"iteration":583,"passed_time":5.828822794,"remaining_time":2.155865965},
{"learn":[0.03462843821],"iteration":584,"passed_time":5.838685478,"remaining_time":2.145841671},
{"learn":[0.03454554841],"iteration":585,"passed_time":5.847955553,"remaining_time":2.135601516},
{"learn":[0.03443799316],"iteration":586,"passed_time":5.857709799,"remaining_time":2.125540353},
{"learn":[0.0343901608],"iteration":587,"passed_time":5.868259639,"remaining_time":2.115767081},
{"learn":[0.03430172959],"iteration":588,"passed_time":5.879033169,"remaining_time":2.106071305},
{"learn":[0.03422616168],"iteration":589,"passed_time":5.889201544,"remaining_time":2.096156482},
{"learn":[0.03416147255],"iteration":590,"passed_time":5.899564603,"remaining_time":2.086309648},
{"learn":[0.03409253896],"iteration":591,"passed_time":5.909872016,"remaining_time":2.076441519},
{"learn":[0.03403604097],"iteration":592,"passed_time":5.920402193,"remaining_time":2.066649669},
{"learn":[0.03398911627],"iteration":593,"passed_time":5.931400994,"remaining_time":2.057017853},
{"learn":[0.03393626323],"iteration":594,"passed_time":5.941993916,"remaining_time":2.047241601},
{"learn":[0.03386304063],"iteration":595,"passed_time":5.954281034,"remaining_time":2.038042501},
{"learn":[0.03381455845],"iteration":596,"passed_time":5.966293745,"remaining_time":2.028739749},
{"learn":[0.03376464528],"iteration":597,"passed_time":5.97720311,"remaining_time":2.019055231},
{"learn":[0.03370368317],"iteration":598,"passed_time":5.986754328,"remaining_time":2.008910885},
{"learn":[0.0336517527],"iteration":599,"passed_time":5.995891108,"remaining_time":1.998630369},
{"learn":[0.03358003482],"iteration":600,"passed_time":6.005306106,"remaining_time":1.988445782},
{"learn":[0.03351588004],"iteration":601,"passed_time":6.014318319,"remaining_time":1.978131274},
{"learn":[0.03344976138],"iteration":602,"passed_time":6.02343309,"remaining_time":1.967854591},
{"learn":[0.03340507366],"iteration":603,"passed_time":6.032211241,"remaining_time":1.957472522},
{"learn":[0.03334848112],"iteration":604,"passed_time":6.041666607,"remaining_time":1.94731403},
{"learn":[0.03331267434],"iteration":605,"passed_time":6.050332786,"remaining_time":1.936905215},
{"learn":[0.0332326856],"iteration":606,"passed_time":6.059921682,"remaining_time":1.926795527},
{"learn":[0.0331900989],"iteration":607,"passed_time":6.068732427,"remaining_time":1.916441819},
{"learn":[0.03314847146],"iteration":608,"passed_time":6.077614281,"remaining_time":1.906115481},
{"learn":[0.03308941348],"iteration":609,"passed_time":6.087324335,"remaining_time":1.896051842},
{"learn":[0.03299347653],"iteration":610,"passed_time":6.097262451,"remaining_time":1.886059907},
{"learn":[0.03290171222],"iteration":611,"passed_time":6.106619472,"remaining_time":1.875889642},
{"learn":[0.03283106593],"iteration":612,"passed_time":6.115804566,"remaining_time":1.865669582},
{"learn":[0.03277024499],"iteration":613,"passed_time":6.125976106,"remaining_time":1.85575172},
{"learn":[0.03272957869],"iteration":614,"passed_time":6.135917432,"remaining_time":1.84576378},
{"learn":[0.03269039416],"iteration":615,"passed_time":6.145494689,"remaining_time":1.835667245},
{"learn":[0.03259043596],"iteration":616,"passed_time":6.155507753,"remaining_time":1.825701651},
{"learn":[0.03256126703],"iteration":617,"passed_time":6.164820284,"remaining_time":1.815529598},
{"learn":[0.0324948806],"iteration":618,"passed_time":6.174702586,"remaining_time":1.805526927},
{"learn":[0.03241665063],"iteration":619,"passed_time":6.184275241,"remaining_time":1.795434747},
{"learn":[0.0323385998],"iteration":620,"passed_time":6.193803884,"remaining_time":1.785331554},
{"learn":[0.03226040699],"iteration":621,"passed_time":6.203177714,"remaining_time":1.775185905},
{"learn":[0.032175695],"iteration":622,"passed_time":6.212930065,"remaining_time":1.765150275},
{"learn":[0.03212703125],"iteration":623,"passed_time":6.222645004,"remaining_time":1.755105001},
{"learn":[0.03208542151],"iteration":624,"passed_time":6.232355447,"remaining_time":1.745059525},
{"learn":[0.03201623005],"iteration":625,"passed_time":6.242297635,"remaining_time":1.735079534},
{"learn":[0.03194773414],"iteration":626,"passed_time":6.251981878,"remaining_time":1.725028493},
{"learn":[0.03191827035],"iteration":627,"passed_time":6.261336187,"remaining_time":1.714888255},
{"learn":[0.03186998946],"iteration":628,"passed_time":6.270598857,"remaining_time":1.704725603},
{"learn":[0.03178753203],"iteration":629,"passed_time":6.280575514,"remaining_time":1.694758472},
{"learn":[0.03171898258],"iteration":630,"passed_time":6.290272834,"remaining_time":1.684716496},
{"learn":[0.03166874401],"iteration":631,"passed_time":6.299635066,"remaining_time":1.674586536},
{"learn":[0.0316308234],"iteration":632,"passed_time":6.309497625,"remaining_time":1.664591},
{"learn":[0.03158171618],"iteration":633,"passed_time":6.318969746,"remaining_time":1.654493656},
{"learn":[0.03153167266],"iteration":634,"passed_time":6.328405789,"remaining_time":1.644388906},
{"learn":[0.03147261128],"iteration":635,"passed_time":6.338208475,"remaining_time":1.634380802},
{"learn":[0.03142033653],"iteration":636,"passed_time":6.347680004,"remaining_time":1.624288604},
{"learn":[0.03139379457],"iteration":637,"passed_time":6.35730887,"remaining_time":1.614238302},
{"learn":[0.03137026957],"iteration":638,"passed_time":6.367174738,"remaining_time":1.604249034},
{"learn":[0.03132003112],"iteration":639,"passed_time":6.377108556,"remaining_time":1.594277139},
{"learn":[0.03123105777],"iteration":640,"passed_time":6.387411367,"remaining_time":1.584396891},
{"learn":[0.03115603943],"iteration":641,"passed_time":6.397285677,"remaining_time":1.574409871},
{"learn":[0.03109342292],"iteration":642,"passed_time":6.40672854,"remaining_time":1.564317855},
{"learn":[0.03105508317],"iteration":643,"passed_time":6.416448731,"remaining_time":1.554295034},
{"learn":[0.03099595523],"iteration":644,"passed_time":6.425858451,"remaining_time":1.544198543},
{"learn":[0.03093465042],"iteration":645,"passed_time":6.435805554,"remaining_time":1.534232284},
{"learn":[0.03088369855],"iteration":646,"passed_time":6.445669015,"remaining_time":1.524246305},
{"learn":[0.03082831397],"iteration":647,"passed_time":6.454663483,"remaining_time":1.514056866},
{"learn":[0.030733842],"iteration":648,"passed_time":6.464223151,"remaining_time":1.504002613},
{"learn":[0.03067487787],"iteration":649,"passed_time":6.473849144,"remaining_time":1.493965187},
{"learn":[0.0306064603],"iteration":650,"passed_time":6.483420096,"remaining_time":1.483916427},
{"learn":[0.03054142432],"iteration":651,"passed_time":6.492431228,"remaining_time":1.473742058},
{"learn":[0.03043939574],"iteration":652,"passed_time":6.501779124,"remaining_time":1.463647062},
{"learn":[0.03038269799],"iteration":653,"passed_time":6.510932868,"remaining_time":1.453511007},
{"learn":[0.03029994038],"iteration":654,"passed_time":6.520094437,"remaining_time":1.443379685},
{"learn":[0.03023533457],"iteration":655,"passed_time":6.529083856,"remaining_time":1.433213529},
{"learn":[0.03019001587],"iteration":656,"passed_time":6.53820757,"remaining_time":1.423080187},
{"learn":[0.03015070863],"iteration":657,"passed_time":6.546942886,"remaining_time":1.412866094},
{"learn":[0.03011265343],"iteration":658,"passed_time":6.556253235,"remaining_time":1.402779524},
{"learn":[0.03005986903],"iteration":659,"passed_time":6.565714196,"remaining_time":1.392727254},
{"learn":[0.02999811875],"iteration":660,"passed_time":6.575189408,"remaining_time":1.38267977},
{"learn":[0.02993558254],"iteration":661,"passed_time":6.584848357,"remaining_time":1.372672316},
{"learn":[0.02989249346],"iteration":662,"passed_time":6.593948766,"remaining_time":1.362550499},
{"learn":[0.02983279105],"iteration":663,"passed_time":6.603398584,"remaining_time":1.352503324},
{"learn":[0.02977895568],"iteration":664,"passed_time":6.612490978,"remaining_time":1.342385386},
{"learn":[0.02973682868],"iteration":665,"passed_time":6.621795575,"remaining_time":1.332313224},
{"learn":[0.02962109304],"iteration":666,"passed_time":6.631431651,"remaining_time":1.32230946},
{"learn":[0.02953069669],"iteration":667,"passed_time":6.6410383,"remaining_time":1.312300981},
{"learn":[0.02947263944],"iteration":668,"passed_time":6.650045208,"remaining_time":1.302176266},
{"learn":[0.02938742081],"iteration":669,"passed_time":6.659512638,"remaining_time":1.292144243},
{"learn":[0.02934371821],"iteration":670,"passed_time":6.668611942,"remaining_time":1.28204313},
{"learn":[0.02924679447],"iteration":671,"passed_time":6.678100875,"remaining_time":1.272019214},
{"learn":[0.02917453543],"iteration":672,"passed_time":6.687367618,"remaining_time":1.261954959},
{"learn":[0.02909659266],"iteration":673,"passed_time":6.696942485,"remaining_time":1.251950672},
{"learn":[0.02903734899],"iteration":674,"passed_time":6.706195772,"remaining_time":1.241888106},
{"learn":[0.02894787861],"iteration":675,"passed_time":6.715279189,"remaining_time":1.231796774},
{"learn":[0.02891262427],"iteration":676,"passed_time":6.724361362,"remaining_time":1.221708194},
{"learn":[0.02886308157],"iteration":677,"passed_time":6.733688178,"remaining_time":1.211666604},
{"learn":[0.02881856997],"iteration":678,"passed_time":6.742962049,"remaining_time":1.201617685},
{"learn":[0.02875984391],"iteration":679,"passed_time":6.752365626,"remaining_time":1.191593934},
{"learn":[0.02873064113],"iteration":680,"passed_time":6.761614028,"remaining_time":1.181544889},
{"learn":[0.02867217773],"iteration":681,"passed_time":6.771013422,"remaining_time":1.171524316},
{"learn":[0.02857853962],"iteration":682,"passed_time":6.780324602,"remaining_time":1.161490452},
{"learn":[0.02853078729],"iteration":683,"passed_time":6.789321439,"remaining_time":1.15140539},
{"learn":[0.02850933629],"iteration":684,"passed_time":6.798748218,"remaining_time":1.141395686},
{"learn":[0.02847742086],"iteration":685,"passed_time":6.807842829,"remaining_time":1.131332482},
{"learn":[0.02841335446],"iteration":686,"passed_time":6.816966849,"remaining_time":1.121276934},
{"learn":[0.02834761563],"iteration":687,"passed_time":6.826605368,"remaining_time":1.111307851},
{"learn":[0.02829694732],"iteration":688,"passed_time":6.835824472,"remaining_time":1.101272157},
{"learn":[0.02820986197],"iteration":689,"passed_time":6.845738603,"remaining_time":1.091349632},
{"learn":[0.02814720777],"iteration":690,"passed_time":6.854896065,"remaining_time":1.081307773},
{"learn":[0.0281171835],"iteration":691,"passed_time":6.864326026,"remaining_time":1.071310998},
{"learn":[0.02808042927],"iteration":692,"passed_time":6.873595273,"remaining_time":1.061291045},
{"learn":[0.02804636827],"iteration":693,"passed_time":6.883228126,"remaining_time":1.051328792},
{"learn":[0.02800116074],"iteration":694,"passed_time":6.89237668,"remaining_time":1.041294319},
{"learn":[0.02793868733],"iteration":695,"passed_time":6.901716944,"remaining_time":1.031291038},
{"learn":[0.02789947306],"iteration":696,"passed_time":6.91083784,"remaining_time":1.021257242},
{"learn":[0.02787349096],"iteration":697,"passed_time":6.919612758,"remaining_time":1.011175503},
{"learn":[0.02780000399],"iteration":698,"passed_time":6.929056064,"remaining_time":1.001194081},
{"learn":[0.0277410259],"iteration":699,"passed_time":6.938611891,"remaining_time":0.9912302701},
{"learn":[0.02769453482],"iteration":700,"passed_time":6.947758578,"remaining_time":0.981209842},
{"learn":[0.02765024214],"iteration":701,"passed_time":6.957598158,"remaining_time":0.9712886318},
{"learn":[0.02759546272],"iteration":702,"passed_time":6.967747156,"remaining_time":0.9614103473},
{"learn":[0.02754074703],"iteration":703,"passed_time":6.977456304,"remaining_time":0.9514713142},
{"learn":[0.02748426527],"iteration":704,"passed_time":6.987150995,"remaining_time":0.9415309851},
{"learn":[0.02744122071],"iteration":705,"passed_time":6.996124233,"remaining_time":0.9314952945},
{"learn":[0.02738831424],"iteration":706,"passed_time":7.005516358,"remaining_time":0.9215177104},
{"learn":[0.02735320857],"iteration":707,"passed_time":7.015075486,"remaining_time":0.9115634812},
{"learn":[0.02730020475],"iteration":708,"passed_time":7.024506427,"remaining_time":0.9015939138},
{"learn":[0.02726659057],"iteration":709,"passed_time":7.03462259,"remaining_time":0.8917127227},
{"learn":[0.02719608165],"iteration":710,"passed_time":7.043733966,"remaining_time":0.8817050956},
{"learn":[0.02712190219],"iteration":711,"passed_time":7.053205036,"remaining_time":0.8717444426},
{"learn":[0.02706140824],"iteration":712,"passed_time":7.063408404,"remaining_time":0.8618745177},
{"learn":[0.02701970084],"iteration":713,"passed_time":7.072476425,"remaining_time":0.8518669083},
{"learn":[0.02694665604],"iteration":714,"passed_time":7.081938914,"remaining_time":0.841908822},
{"learn":[0.02691514784],"iteration":715,"passed_time":7.091506482,"remaining_time":0.8319644476},
{"learn":[0.02688093384],"iteration":716,"passed_time":7.100875429,"remaining_time":0.8219981319},
{"learn":[0.02683728185],"iteration":717,"passed_time":7.110281284,"remaining_time":0.8120376954},
{"learn":[0.0267873826],"iteration":718,"passed_time":7.119610114,"remaining_time":0.8020701241},
{"learn":[0.02675538205],"iteration":719,"passed_time":7.128380122,"remaining_time":0.7920422358},
{"learn":[0.02671780869],"iteration":720,"passed_time":7.137487283,"remaining_time":0.7820547786},
{"learn":[0.02668792674],"iteration":721,"passed_time":7.146815213,"remaining_time":0.7720936102},
{"learn":[0.02663214612],"iteration":722,"passed_time":7.156887991,"remaining_time":0.7622135205},
{"learn":[0.02654118434],"iteration":723,"passed_time":7.167087416,"remaining_time":0.7523461928},
{"learn":[0.02651141481],"iteration":724,"passed_time":7.17642059,"remaining_time":0.7423883369},
{"learn":[0.02644594232],"iteration":725,"passed_time":7.186350941,"remaining_time":0.7324930711},
{"learn":[0.026400677],"iteration":726,"passed_time":7.195925929,"remaining_time":0.7225620259},
{"learn":[0.02634681119],"iteration":727,"passed_time":7.20614686,"remaining_time":0.7126958433},
{"learn":[0.02631429395],"iteration":728,"passed_time":7.21567008,"remaining_time":0.7027607348},
{"learn":[0.02621002373],"iteration":729,"passed_time":7.225595418,"remaining_time":0.692865314},
{"learn":[0.02614428381],"iteration":730,"passed_time":7.235301126,"remaining_time":0.6829490803},
{"learn":[0.02609404719],"iteration":731,"passed_time":7.244697561,"remaining_time":0.6730046914},
{"learn":[0.02607143863],"iteration":732,"passed_time":7.253568882,"remaining_time":0.6630137996},
{"learn":[0.02602217069],"iteration":733,"passed_time":7.263113768,"remaining_time":0.6530865241},
{"learn":[0.02597617908],"iteration":734,"passed_time":7.272660039,"remaining_time":0.6431604116},
{"learn":[0.02593340886],"iteration":735,"passed_time":7.281959148,"remaining_time":0.6332138389},
{"learn":[0.02587234019],"iteration":736,"passed_time":7.291378791,"remaining_time":0.6232793268},
{"learn":[0.02578974803],"iteration":737,"passed_time":7.300861958,"remaining_time":0.6133515466},
{"learn":[0.02572684001],"iteration":738,"passed_time":7.310244083,"remaining_time":0.6034166294},
{"learn":[0.02566548806],"iteration":739,"passed_time":7.319670228,"remaining_time":0.5934867753},
{"learn":[0.02562417118],"iteration":740,"passed_time":7.329198237,"remaining_time":0.5835663913},
{"learn":[0.02557751479],"iteration":741,"passed_time":7.33882471,"remaining_time":0.5736547617},
{"learn":[0.02552382358],"iteration":742,"passed_time":7.347931721,"remaining_time":0.5637040485},
{"learn":[0.02547626129],"iteration":743,"passed_time":7.357210852,"remaining_time":0.5537685588},
{"learn":[0.02545528466],"iteration":744,"passed_time":7.366476025,"remaining_time":0.5438338005},
{"learn":[0.02542328462],"iteration":745,"passed_time":7.375911915,"remaining_time":0.5339131949},
{"learn":[0.02536198086],"iteration":746,"passed_time":7.385353925,"remaining_time":0.5239943213},
{"learn":[0.0253206849],"iteration":747,"passed_time":7.39456996,"remaining_time":0.5140610133},
{"learn":[0.02525720436],"iteration":748,"passed_time":7.403996549,"remaining_time":0.5041439573},
{"learn":[0.02521722527],"iteration":749,"passed_time":7.413232898,"remaining_time":0.4942155265},
{"learn":[0.0251780081],"iteration":750,"passed_time":7.422936732,"remaining_time":0.4843194405},
{"learn":[0.02511418337],"iteration":751,"passed_time":7.433296982,"remaining_time":0.4744657648},
{"learn":[0.0250750816],"iteration":752,"passed_time":7.442582938,"remaining_time":0.4645436893},
{"learn":[0.02504489518],"iteration":753,"passed_time":7.452285597,"remaining_time":0.4546487234},
{"learn":[0.02499960528],"iteration":754,"passed_time":7.462118606,"remaining_time":0.4447620361},
{"learn":[0.02494903305],"iteration":755,"passed_time":7.471411434,"remaining_time":0.4348440517},
{"learn":[0.02491363477],"iteration":756,"passed_time":7.480811359,"remaining_time":0.4249338025},
{"learn":[0.02486129236],"iteration":757,"passed_time":7.490538213,"remaining_time":0.4150430145},
{"learn":[0.02481305277],"iteration":758,"passed_time":7.499666943,"remaining_time":0.4051203487},
{"learn":[0.02475866142],"iteration":759,"passed_time":7.509137042,"remaining_time":0.3952177391},
{"learn":[0.02470341689],"iteration":760,"passed_time":7.518580234,"remaining_time":0.3853148872},
{"learn":[0.02467764922],"iteration":761,"passed_time":7.527601188,"remaining_time":0.3753921852},
{"learn":[0.02461924234],"iteration":762,"passed_time":7.536874685,"remaining_time":0.3654840935},
{"learn":[0.02458829442],"iteration":763,"passed_time":7.546013067,"remaining_time":0.3555712963},
{"learn":[0.02456070278],"iteration":764,"passed_time":7.55535401,"remaining_time":0.3456697913},
{"learn":[0.02453222343],"iteration":765,"passed_time":7.56439858,"remaining_time":0.3357565949},
{"learn":[0.02450594028],"iteration":766,"passed_time":7.573822099,"remaining_time":0.3258619677},
{"learn":[0.02445197464],"iteration":767,"passed_time":7.58335988,"remaining_time":0.3159733284},
{"learn":[0.02439463763],"iteration":768,"passed_time":7.592487484,"remaining_time":0.3060690663},
{"learn":[0.02432082684],"iteration":769,"passed_time":7.60201823,"remaining_time":0.2961825284},
{"learn":[0.02426789462],"iteration":770,"passed_time":7.61154849,"remaining_time":0.2862968952},
{"learn":[0.02420424524],"iteration":771,"passed_time":7.621820939,"remaining_time":0.2764391014},
{"learn":[0.02413051872],"iteration":772,"passed_time":7.631895807,"remaining_time":0.2665733335},
{"learn":[0.02407077282],"iteration":773,"passed_time":7.641080406,"remaining_time":0.2566771196},
{"learn":[0.02401807504],"iteration":774,"passed_time":7.650679379,"remaining_time":0.246796109},
{"learn":[0.02395310608],"iteration":775,"passed_time":7.659585823,"remaining_time":0.2368944069},
{"learn":[0.02389932856],"iteration":776,"passed_time":7.668474992,"remaining_time":0.2269947552},
{"learn":[0.02385616077],"iteration":777,"passed_time":7.677587198,"remaining_time":0.2171040082},
{"learn":[0.02381121751],"iteration":778,"passed_time":7.686971646,"remaining_time":0.2072225989},
{"learn":[0.0237668817],"iteration":779,"passed_time":7.696300992,"remaining_time":0.1973410511},
{"learn":[0.02371308163],"iteration":780,"passed_time":7.705624095,"remaining_time":0.1874607654},
{"learn":[0.02366721417],"iteration":781,"passed_time":7.715133722,"remaining_time":0.1775861982},
{"learn":[0.02364668393],"iteration":782,"passed_time":7.72425423,"remaining_time":0.1677041148},
{"learn":[0.02361863162],"iteration":783,"passed_time":7.733883362,"remaining_time":0.1578343543},
{"learn":[0.02354898896],"iteration":784,"passed_time":7.743256251,"remaining_time":0.1479603105},
{"learn":[0.02350302719],"iteration":785,"passed_time":7.752833173,"remaining_time":0.1380911761},
{"learn":[0.02346119861],"iteration":786,"passed_time":7.761570181,"remaining_time":0.1282089102},
{"learn":[0.02342771652],"iteration":787,"passed_time":7.770554372,"remaining_time":0.1183333153},
{"learn":[0.02339772822],"iteration":788,"passed_time":7.788522664,"remaining_time":0.1085852336},
{"learn":[0.02336670943],"iteration":789,"passed_time":7.797839072,"remaining_time":0.0987068237},
{"learn":[0.02330795723],"iteration":790,"passed_time":7.807155581,"remaining_time":0.08882983594},
{"learn":[0.0232677483],"iteration":791,"passed_time":7.815997991,"remaining_time":0.07894947465},
{"learn":[0.02323628844],"iteration":792,"passed_time":7.825327255,"remaining_time":0.06907602873},
{"learn":[0.02321428329],"iteration":793,"passed_time":7.834297767,"remaining_time":0.05920124257},
{"learn":[0.02316830297],"iteration":794,"passed_time":7.843325566,"remaining_time":0.04932909161},
{"learn":[0.02312274602],"iteration":795,"passed_time":7.852713942,"remaining_time":0.03946087408},
{"learn":[0.0230889145],"iteration":796,"passed_time":7.8619099,"remaining_time":0.02959313639},
{"learn":[0.0230347296],"iteration":797,"passed_time":7.870933132,"remaining_time":0.01972664945},
{"learn":[0.02300533072],"iteration":798,"passed_time":7.880310138,"remaining_time":0.009862716067},
{"learn":[0.0229496114],"iteration":799,"passed_time":7.889722607,"remaining_time":0}
]}